752	직원들에게 AI를 적극 활용하라고 하기 전에
747	AI 결과물은 너무 훌륭해서 문제!
740	AI가 팀워크에 기여하도록 하려면?
739	AI가 만든 광고는 과연 효과적일까요?
728	AI 시대, 리더에게 새롭게 요구되는 역량은?
726	AI 전략을 인사팀이 주도해야 하는 이유
724	AI의 판단에 안도하지는 않나요?
716	AI에게 매번 패배하고 있나요?
714	AI시대에는 직원을 무엇으로 평가할까?
711	AI 전략이 지지부진한 것은 "기대치가 달라서"
707	채용할 때 AI를 사용하나요?
696	AI가 관료주의를 부추긴다?
688	AI를 도입했으니 중간관리자를 줄이겠다고요?
678	AI는 '창의력의 적'
677	AI는 '차별화의 적'
672	AI를 팀원이라고 부르지 마세요
671	중립적인 척하는 AI에게 속지 마세요
669	AI에게 페르소나를 부여하지 마세요
664	AI 시대에 우리는 어떻게 평가해야 할까?
657	AI를 많이 쓰면 무능해 보입니다
653	AI 시대에는 '합의'하지 마세요
649	AI가 절대 대체하지 못하는 인간의 핵심역량은?
647	AI 도입 전에 반드시 해야 할 것들
643	임원보다 직원이 AI를 적게 사용하는 이유는?
642	고수들의 AI 활용법은?
641	AI는 외국 기업에게 관대(?)합니다
640	AI의 가스라이팅에 휘둘리지 마세요
638	AI가 '뻔한 전략'을 양산한다
635	유능한 건축가들이 AI를 멀리하는 이유
634	AI가 혁신을 망친다
621	AI를 쓴다고 바로 창의력이 좋아지지는 않습니다
617	AI로 채용하면 정말 공정할까요?
611	AI는 여러분의 경쟁력이 아닙니다
605	"내 업무는 AI로 대체할 수 없어"라고 안심하는 당신에게
589	차라리 AI에게 이사회를 맡길까요?
585	AI에게 생각을 빼앗기지 마세요
581	AI가 당신 편을 들 때는 조심하세요
578	AI 시대, 오히려 석기시대의 뇌로 승부하라
569	AI는 '일잘러'가 아니라 '일못러'를 키운다
563	임원들이 AI에 대해 가장 많이 묻는 질문 10개
561	AI가 만든 보고서, 바로 믿지 마세요
555	이제는 AI가 리더십을 평가한다
554	AI 도구보다 오래가는 '나만의 경쟁력'은?
550	AI시대에 여러분은 어떤 일을 해야 할까요?
535	AI시대에 필요한 리더십은?
