736	200	완벽한 확신을 기다리는 리더는 바보!
735	200	9월은 &#x27;두번째 새해&#x27;입니다
734	200	대화가 적으면 소통이 안 된다는 뜻일까요? 
733	200	제로 콜라를 마시면 머리가 나빠집니다
732	200	가입을 쉽게 허용하면 안 되는 이유
731	200	&quot;대안없는 문제 제기는 하지 말라&quot;고 말하지 마세요
730	200	투수의 &#x27;투구 수&#x27; 관리가 과연 합리적일까?
729	200	직원들에게 모두 밝히는 것이 투명성일까요?
728	200	AI 시대, 리더에게 새롭게 요구되는 역량은?
727	200	훌륭한 리더는 &#x27;마무리&#x27;를 잘 합니다
726	200	AI 전략을 인사팀이 주도해야 하는 이유
725	200	이직이 잦은 사람을 뽑아야 하는 이유
724	200	AI의 판단에 안도하지는 않나요?
723	200	[공지] &#x27;경영일기&#x27;의 Summer Break
722	200	&#x27;철저한 준비&#x27;가 변화를 일으키지 않습니다
721	200	바쁨을 성과라고 착각하지 마세요
720	200	KPMG가 신입사원 평가를 뜯어고친 까닭은?
719	200	팀워크가 나쁜 것은 리더 탓이 아닙니다
718	200	일 시킬 때 이것만은 꼭 지키세요
717	200	일 미루는 직원을 추궁하기 전에
716	200	AI에게 매번 패배하고 있나요?
715	200	장마철에 들으면 좋은 재즈 다섯곡
714	200	AI시대에는 직원을 무엇으로 평가할까?
713	200	잘못된 지도라도 있는 게 나을까요?
712	200	회의를 줄이기보다 회의의 &#x27;밀도&#x27;를 높이세요
711	200	AI 전략이 지지부진한 것은 &quot;기대치가 달라서&quot;
710	200	직원들이 열심히 &#x27;일하는 척&#x27;을 하는 이유
709	200	배재고 감독은 왜 선수들을 제지하지 않았나?
708	200	&#x27;환대&#x27;란 무엇인가?
707	200	채용할 때 AI를 사용하나요?
706	200	HR팀을 없애야 하는 이유
705	200	일부러 모른 척 하지는 않나요?
704	200	전문가의 종말!
703	200	인생의 갈림길에서 꼭 던져야 할 5가지 질문
702	200	&#x27;미라클 모닝&#x27;을 하면 절제력이 높은 걸까요?
701	200	스트레스 받아도 오히려 건강해지는 방법은?
700	200	&#x27;사람 손절&#x27;은 두려움 때문
699	200	출판기념회에서 &quot;아무말 말라&quot;고 요구한 저자
698	200	메시지를 &#x27;읽씹&#x27;하는 직원이 핵심인재일지도
697	200	월드컵은 왜 JTBC와 KBS에서만 볼 수 있나?
696	200	AI가 관료주의를 부추긴다?
695	200	자기 농담에 자기가 박장대소하는 사람은?
694	200	목적이 분명한 기업의 직원들은 행복할까요?
693	200	피드백이 상대방의 성장을 막을 수도 있습니다
692	200	심사숙고가 좋은 의사결정을 낳을까요?
691	200	회의 때 타인의 말을 자르는 조직은?
690	200	지방선거를 치른 각 정당의 분위기를 보니...
689	200	&#x27;팀장이 되고 싶다&#x27;는 사람을 승진시키면 안 되는 이유
688	200	AI를 도입했으니 중간관리자를 줄이겠다고요?
687	200	리더십의 대부분이 &#x27;경청&#x27;인 이유
686	200	리더가 밤새 일하면 안 되는 이유
685	200	스타벅스코리아의 조직문화는 아마도...
684	200	&#x27;질문하는 방법&#x27;은 사회생활의 기본기
683	200	정치적 분노는 신체적 고통을 유발합니다
682	200	잘못된 사람을 채용해서 문제라고요?
681	200	스타벅스가 회장님 놀이터입니까?
680	200	&#x27;고정관념은 나쁘다&#x27;는 것이 고정관념
679	200	자아는 &#x27;머리&#x27;에 있을까요, &#x27;가슴&#x27;에 있을까요?
678	200	AI는 &#x27;창의력의 적&#x27;
677	200	AI는 &#x27;차별화의 적&#x27;
676	200	카리스마적인 리더상은 이제 잊어 주세요
675	200	직원의 사소한 흠결은 넘어가 주세요
674	200	지금이라도 주식시장에 들어가야 할까?
673	200	늘 웃으며 일하는 직원을 주의깊게 봐야 하는 이유
672	200	AI를 팀원이라고 부르지 마세요
671	200	중립적인 척하는 AI에게 속지 마세요
670	200	스타 플레이어를 따라하지 마세요
669	200	AI에게 페르소나를 부여하지 마세요
668	200	워크맨에서 배우는 성공제품의 비결
667	200	리더가 &#x27;왜?&#x27;라는 질문을 멈춰야 하는 이유
666	200	설득의 근거는 한두 가지로도 충분합니다
665	200	&#x27;함께 춤춰줄 한두 사람&#x27;을 찾아야 하는 이유
664	200	AI 시대에 우리는 어떻게 평가해야 할까?
663	200	&quot;생생하게 꿈꾸면 이루어진다&quot;는 말을 아직 믿으세요?
662	200	우리 회사의 조직문화가 망가졌다는 5가지 신호
661	200	강점을 극대화할까, 아니면 약점을 보완할까?
660	200	&quot;나는 참 객관적이야&quot;라고 믿는 리더가 있다면
659	200	우리 회사의 든든한 &#x27;빽&#x27;이 혁신을 망친다
658	200	의견 일치가 잘되는 팀의 팀워크는 사실 형편없다
657	200	AI를 많이 쓰면 무능해 보입니다
656	200	직원들이 상사를 괴롭히는 조직?
655	200	열정적인 직원일수록 변화를 거부한다?
654	200	연봉이 높다고 월요일 출근이 즐거울까요?
653	200	AI 시대에는 &#x27;합의&#x27;하지 마세요
652	200	좋은 리더는 반드시 이렇게 한다
651	200	나쁜 뉴스가 좋은 뉴스보다 먼저여야 하는 이유
650	200	봄날에 들으면 기분이 좋아지는 노래 6곡
649	200	AI가 절대 대체하지 못하는 인간의 핵심역량은?
648	200	일 안하고 딴짓하는 직원을 칭찬하는 회사
647	200	AI 도입 전에 반드시 해야 할 것들
646	200	혹시 &#x27;에이스 직원&#x27;에게 일을 몰아주나요?
645	200	파티션을 없애면 &#x27;직장 내 괴롭힘&#x27;이 늘어납니다
644	200	심리적 안전감이 특효약은 아닙니다
643	200	임원보다 직원이 AI를 적게 사용하는 이유는?
642	200	고수들의 AI 활용법은?
641	200	AI는 외국 기업에게 관대(?)합니다
640	200	AI의 가스라이팅에 휘둘리지 마세요
639	200	여러분 회사의 사업계획서는 안녕하십니까?
638	200	AI가 &#x27;뻔한 전략&#x27;을 양산한다
637	200	발표할 때 손동작이 중요한 이유
636	200	좋은 아이디어가 떠오른다면 일단 입을 닫으세요
635	200	유능한 건축가들이 AI를 멀리하는 이유
634	200	AI가 혁신을 망친다
633	200	명확한 목표가 혁신을 망친다
632	200	항상 직원의 피드백에 바로 응해야 할까요?
631	200	내수기업에게 미국-이란 전쟁은 &#x27;강 건너 불 구경&#x27;일까?
630	200	&quot;어느 종목에 주식 투자를 해야 할까?&quot; 시나리오 플래닝으로 알아보기
629	200	우리 회사가 미국-이란 전쟁에 대처하는 방법은? 
628	200	&quot;트럼프는 전쟁 확산을 원할까?&quot; 시나리오 플래닝으로 풀어보기
627	200	미국-이란 전면전, 삼성전자와 현대자동차의 생존 시나리오는?
626	200	[비대면 강좌] &#x27;AI를 활용한 시나리오 플래닝&#x27; 4기를 모집합니다
625	200	[호외]  하산할 때 사고가 많은 이유는?
624	200	[무료 쇼케이스] AI 기반의 시나리오 플래닝
623	200	&#x27;AI시대에 라디오&#x27; 같은 존재이길...시즌 3을 마치며
622	200	새해 결심이 매번 폭망하는 이유는?
621	200	AI를 쓴다고 바로 창의력이 좋아지지는 않습니다
620	200	직원들은 &#x27;사소한 홀대&#x27;에 상처 받습니다
619	200	&#x27;워라밸&#x27;이란 말은 이제 잊으세요
618	200	변치 않을 &#x27;확실성&#x27;을 찾는 방법
617	200	AI로 채용하면 정말 공정할까요?
616	200	&lt;뉴요커&gt;, 이 종이잡지가 승승장구하는 이유는?
615	200	여러분의 삶에도 &#x27;유령&#x27;이 살고 있습니다
614	200	조직에 서식하는 &#x27;유령&#x27;을 색출하세요
613	200	화가 나면 화를 삭혀야 하는 이유
612	200	애플 스토어의 영웅이 실패한 까닭은?
611	200	AI는 여러분의 경쟁력이 아닙니다
610	200	눈 내리는 날에 듣기 좋은 노래 5곡
609	200	유능한 리더는 의사결정만 하지 않습니다
608	200	심리적 안전감은 시혜가 아닙니다
607	200	그럴싸한 경영 사례에 속지 마세요
606	200	효율이 굶주림을 더 늘린다
605	200	&quot;내 업무는 AI로 대체할 수 없어&quot;라고 안심하는 당신에게
604	200	조직문화 바꾼다고 성과가 좋아지지 않아요
603	200	근거없는 자신감은 어디에서 생겨날까?
602	200	고객은 왕이지만 폭군까지 모실 필요는 없습니다
601	200	현명한 포기가 맹목적인 끈기보다 낫습니다
600	200	특별한 제안: 당신의 ‘씽크 파트너’가 되겠습니다
599	200	불안감을 능력으로 바꾸는 법: 왜 유능할수록 스스로를 의심할까?
598	200	음악을 들으면 일의 능률이 오를까요?
597	200	스타가 많을수록 팀은 약해진다
596	200	&#x27;쌩초보가 많은 팀&#x27;에서 혁신이 나온다
595	200	&#x27;작은 팀&#x27;에서 혁신이 나온다 
594	200	한국의 스타트업이 단단하게 성장하려면
593	200	전략은 단어 정의 때문에 실패한다
592	200	어떻게 살 것인가 고민할 때는 이 책을!
591	200	사과할 때 &#x27;주어&#x27; 하나로 수천억 원을 잃을 수 있다
590	200	여러분은 중요한 결정을 혼자 내립니까?
589	200	차라리 AI에게 이사회를 맡길까요?
588	200	변화는 파격에서 시작됩니다
587	200	경력 5년이 신입보다 나을 건 없습니다
586	200	오늘은 빈둥거려 보세요
585	200	AI에게 생각을 빼앗기지 마세요
584	200	아이디어가 좋다고 바로 제안하지 마세요
583	200	솔직한 리더는 신뢰하기 어렵다
582	200	[금년 마지막 강좌] AI를 활용한 시나리오 플래닝 3기
581	200	AI가 당신 편을 들 때는 조심하세요
580	200	왜 부장들은 CEO 앞에서 아무말 못할까?
579	200	긍정적 사고는 참 위험합니다
578	200	AI 시대, 오히려 석기시대의 뇌로 승부하라
577	200	왜 우리 팀장은 나의 좋은 아이디어를 거부할까?
576	200	회의를 반드시 정시에 시작해야 하는 강력한 이유
575	200	화상회의에서 창의적 아이디어를 기대하지 마세요
574	200	아반떼 사러 갔다가 제네시스를 사지 않으려면
573	200	제인 구달이 일러주는 설득의 기술
572	200	회의가 많을수록 협업이 잘 될까? 
571	200	비흡연자에게 유급휴가를 주는 회사
570	200	면접에서 &#x27;떠는 사람&#x27;을 뽑아야 하는 이유
569	200	AI는 &#x27;일잘러&#x27;가 아니라 &#x27;일못러&#x27;를 키운다
568	200	그릿(Grit)은 마케팅의 산물
567	200	여러분은 혹시 &#x27;나쁜 리더&#x27;입니까?
566	200	SMART목표는 별로 스마트하지 않습니다
565	200	카카오톡은 왜 고객을 분노케 했나?
564	200	[강좌 공지] AI를 활용한 시나리오 플래닝
563	200	임원들이 AI에 대해 가장 많이 묻는 질문 10개
562	200	열정은 찾는 게 아니라 &#x27;기르는 것&#x27;입니다
561	200	AI가 만든 보고서, 바로 믿지 마세요
560	200	갈등이 있어야 좋은 팀입니다
559	200	제가 초심을 잃었다고요?
558	200	심리적 안전감이 높으면 과연 좋을까요?
557	200	여러분의 강점은 치명적인 약점일지 모릅니다
556	200	혁신과 성과, 둘다 잡겠다고요?
555	200	이제는 AI가 리더십을 평가한다
554	200	AI 도구보다 오래가는 &#x27;나만의 경쟁력&#x27;은?
553	200	멍청한 질문을 좋은 질문으로 바꾸는 방법
552	200	드러내지 말아야 할 문제도 있습니다
551	200	화장실에서는 스마트폰 금지!
550	200	AI시대에 여러분은 어떤 일을 해야 할까요?
549	200	인센티브가 리더십의 가치를 일깨운다
548	200	직원들이 말도 안되는 소문을 퍼뜨리는 이유는?
547	200	생명을 단축(?)하는 가장 쉬운 방법
546	200	돈 관계는 뭐든 확실해야 합니다
545	200	하루에 10분 정도는 멍때립시다
544	200	[강좌 공지] AI를 활용한 시나리오 플래닝
543	200	글을 못쓰는 사람들의 특징
542	200	&#x27;내버려 두는 것&#x27;이 삶의 지혜
541	200	맡겨야 할 결정이 무엇인지 결정하라
540	200	자기중심적인 사람은 이렇게 행동한다
539	200	회사를 그만두고 싶어도 그만둘 수 없다면 
538	200	좋은 이익과 나쁜 이익을 가르는 기준은?
537	200	죽음공포증 이겨내기
536	200	계획에 매몰되면 실패가 시작된다
535	200	AI시대에 필요한 리더십은?
534	200	직원에게 업무를 위임하지 마세요. 대신...
533	200	책에서 읽은 내용을 오래 기억하려면
532	200	직원들이 스스로 입을 막는 이유
531	200	어제 내린 결정을 오늘 후회하지 않으려면
530	200	목표를 달성하려는 의지가 강하면 항상 좋을까?
529	200	혹한보다 무서운 것은 리더십의 붕괴
528	200	여름 휴가 때 꼭 읽어야 할 인문서 5권
527	200	연봉이 적어도 &#x27;의미있는 일&#x27;을 하시겠습니까?
526	200	부자가 되려면 성격 말고 행동을 바꾸세요
525	200	실수는 사람이 아니라 시스템이 만든다
524	200	왜 저 사람은 신뢰가 안 갈까?
523	200	열정 넘치는 조력자를 멀리 하세요
522	200	욱할 때는 90초만 참아 보세요
521	200	일대일 미팅이 만병통치약은 아닙니다
520	200	일 잘하는 직원은 말이 많다?
519	200	&quot;나는 성공한 걸까?&quot; 자신에게 물어보세요
518	200	일 못하는 사람의 7가지 특징
517	200	리더는 스스로 고립을 감수하는 사람
516	200	여러분의 리더는 &quot;뭘 도와줄까요?&quot;라고 묻나요?
515	200	7월 5일에 난카이 대지진이 일어나지 않은 이유
514	200	사과할 때는 &#x27;길게&#x27; 말하세요
513	200	리더와 관리자의 차이는?
512	200	나르시시즘을 판별할 수 있는 인터뷰 질문은?
511	200	1년의 반이 지난 지금, 우리가 던져야 할 질문
510	200	동료의 도움이 도움이 안 되는 이유
509	200	옛날 디자인이 더 예쁘게 보이는 이유는?
508	200	요즘엔 아무도 허니 버터칩을 먹지 않는다
507	200	거절은 건강한 행동입니다
506	200	지금은 걱정할 시간이 아닙니다
505	200	다음 미팅 때는 30분 일찍 도착하세요
504	200	&#x27;끈적끈적한 사고&#x27;에 들러붙어 있나요?
503	200	여러분 옆자리에 &#x27;신성한 소&#x27;가 있습니다
502	200	그 결정을 오후에 내렸다면 재고해 보세요
501	200	일 잘한다고 착각하는 저성과자가 있다면
500	200	이직이 고민일 땐 시나리오를 세워 보세요
499	200	&#x27;탈권위주의&#x27;의 뜻을 아십니까?
498	200	어려운 업무를 거부하는 직원이 있다면
497	200	카메라가 기자들을 향하는 까닭은?
